"Pctcd","County","DistCD","DistLD"
"PM0001","Pima",3,4
"PM0002","Pima",3,4
"PM0003","Pima",3,4
"PM0004","Pima",3,4
"PM0005","Pima",3,11
"PM0006","Pima",1,11
"PM0007","Pima",3,2
"PM0008","Pima",3,2
"PM0009","Pima",2,10
"PM0010","Pima",2,2
"PM0011","Pima",2,14
"PM0012","Pima",1,11
"PM0013","Pima",1,11
"PM0014","Pima",1,11
"PM0015","Pima",2,9
"PM0016","Pima",3,3
"PM0017","Pima",3,3
"PM0018","Pima",3,3
"PM0019","Pima",3,2
"PM0020","Pima",3,3
"PM0021","Pima",3,3
"PM0022","Pima",3,3
"PM0023","Pima",3,3
"PM0024","Pima",1,11
"PM0025","Pima",3,3
"PM0026","Pima",3,3
"PM0027","Pima",2,11
"PM0028","Pima",3,4
"PM0029","Pima",2,9
"PM0030","Pima",2,9
"PM0031","Pima",2,9
"PM0032","Pima",2,9
"PM0033","Pima",3,3
"PM0034","Pima",2,3
"PM0035","Pima",1,11
"PM0036","Pima",2,3
"PM0037","Pima",3,3
"PM0038","Pima",2,9
"PM0039","Pima",2,10
"PM0040","Pima",1,11
"PM0041","Pima",3,3
"PM0042","Pima",3,3
"PM0043","Pima",3,3
"PM0044","Pima",3,3
"PM0045","Pima",3,3
"PM0046","Pima",2,14
"PM0047","Pima",3,2
"PM0048","Pima",3,2
"PM0049","Pima",2,14
"PM0050","Pima",3,2
"PM0051","Pima",3,3
"PM0052","Pima",3,3
"PM0053","Pima",3,2
"PM0054","Pima",3,2
"PM0055","Pima",2,9
"PM0056","Pima",2,9
"PM0057","Pima",2,9
"PM0058","Pima",2,9
"PM0059","Pima",3,4
"PM0060","Pima",3,4
"PM0061","Pima",2,9
"PM0062","Pima",3,3
"PM0063","Pima",2,10
"PM0064","Pima",3,2
"PM0065","Pima",2,14
"PM0066","Pima",3,2
"PM0067","Pima",2,9
"PM0068","Pima",2,9
"PM0069","Pima",2,10
"PM0070","Pima",3,11
"PM0071","Pima",3,4
"PM0072","Pima",2,9
"PM0073","Pima",2,9
"PM0074","Pima",2,2
"PM0075","Pima",2,9
"PM0076","Pima",3,4
"PM0077","Pima",1,11
"PM0078","Pima",2,10
"PM0079","Pima",2,11
"PM0080","Pima",2,10
"PM0081","Pima",2,9
"PM0082","Pima",2,10
"PM0083","Pima",2,2
"PM0084","Pima",2,2
"PM0085","Pima",2,9
"PM0086","Pima",2,2
"PM0087","Pima",2,9
"PM0088","Pima",2,9
"PM0089","Pima",2,9
"PM0090","Pima",2,14
"PM0091","Pima",2,9
"PM0092","Pima",3,3
"PM0093","Pima",2,10
"PM0094","Pima",2,10
"PM0095","Pima",2,14
"PM0096","Pima",2,10
"PM0097","Pima",3,3
"PM0098","Pima",2,10
"PM0099","Pima",2,9
"PM0100","Pima",2,9
"PM0101","Pima",3,3
"PM0102","Pima",3,3
"PM0103","Pima",2,10
"PM0104","Pima",1,11
"PM0105","Pima",2,10
"PM0106","Pima",2,9
"PM0107","Pima",2,10
"PM0108","Pima",2,10
"PM0109","Pima",2,14
"PM0110","Pima",3,3
"PM0111","Pima",2,10
"PM0112","Pima",2,9
"PM0113","Pima",2,10
"PM0114","Pima",2,2
"PM0115","Pima",1,11
"PM0116","Pima",2,10
"PM0117","Pima",2,10
"PM0118","Pima",2,10
"PM0119","Pima",2,10
"PM0120","Pima",2,10
"PM0121","Pima",2,10
"PM0122","Pima",2,10
"PM0123","Pima",2,10
"PM0124","Pima",2,10
"PM0125","Pima",2,9
"PM0126","Pima",2,10
"PM0127","Pima",1,11
"PM0128","Pima",2,10
"PM0129","Pima",2,10
"PM0130","Pima",2,10
"PM0131","Pima",2,10
"PM0132","Pima",2,10
"PM0133","Pima",2,10
"PM0134","Pima",2,9
"PM0135","Pima",3,4
"PM0136","Pima",3,4
"PM0137","Pima",3,4
"PM0138","Pima",3,4
"PM0139","Pima",3,2
"PM0140","Pima",2,14
"PM0141","Pima",2,2
"PM0142","Pima",2,9
"PM0143","Pima",3,3
"PM0144","Pima",3,3
"PM0145","Pima",1,11
"PM0146","Pima",2,9
"PM0147","Pima",2,2
"PM0148","Pima",2,9
"PM0149","Pima",2,9
"PM0150","Pima",1,9
"PM0151","Pima",3,11
"PM0152","Pima",3,4
"PM0153","Pima",2,3
"PM0154","Pima",2,3
"PM0155","Pima",3,2
"PM0156","Pima",2,10
"PM0157","Pima",3,3
"PM0158","Pima",2,9
"PM0159","Pima",3,2
"PM0160","Pima",3,3
"PM0161","Pima",3,11
"PM0162","Pima",2,9
"PM0163","Pima",2,9
"PM0164","Pima",2,9
"PM0165","Pima",2,14
"PM0166","Pima",2,3
"PM0167","Pima",2,9
"PM0168","Pima",3,2
"PM0169","Pima",1,11
"PM0170","Pima",2,9
"PM0171","Pima",2,9
"PM0172","Pima",1,11
"PM0173","Pima",1,11
"PM0174","Pima",2,10
"PM0175","Pima",1,11
"PM0176","Pima",2,14
"PM0177","Pima",2,10
"PM0178","Pima",2,10
"PM0179","Pima",2,10
"PM0180","Pima",2,10
"PM0181","Pima",2,10
"PM0182","Pima",2,10
"PM0183","Pima",2,10
"PM0184","Pima",1,11
"PM0185","Pima",2,9
"PM0186","Pima",2,11
"PM0187","Pima",2,9
"PM0188","Pima",1,11
"PM0189","Pima",2,10
"PM0190","Pima",3,4
"PM0191","Pima",2,9
"PM0192","Pima",2,10
"PM0193","Pima",2,2
"PM0194","Pima",1,11
"PM0195","Pima",2,14
"PM0196","Pima",3,2
"PM0197","Pima",2,10
"PM0198","Pima",2,14
"PM0199","Pima",2,10
"PM0200","Pima",1,11
"PM0201","Pima",2,9
"PM0202","Pima",2,9
"PM0203","Pima",3,3
"PM0204","Pima",3,2
"PM0205","Pima",2,2
"PM0206","Pima",2,14
"PM0207","Pima",2,2
"PM0208","Pima",3,4
"PM0209","Pima",2,2
"PM0210","Pima",2,9
"PM0211","Pima",2,9
"PM0212","Pima",1,11
"PM0213","Pima",1,9
"PM0214","Pima",2,9
"PM0215","Pima",3,11
"PM0216","Pima",1,11
"PM0217","Pima",2,2
"PM0218","Pima",2,10
"PM0219","Pima",2,9
"PM0220","Pima",2,10
"PM0221","Pima",2,14
"PM0222","Pima",3,11
"PM0223","Pima",1,11
"PM0224","Pima",2,14
"PM0225","Pima",2,9
"PM0226","Pima",2,9
"PM0227","Pima",2,2
"PM0228","Pima",3,11
"PM0229","Pima",2,14
"PM0230","Pima",2,9
"PM0231","Pima",2,2
"PM0232","Pima",2,2
"PM0233","Pima",3,3
"PM0234","Pima",3,3
"PM0235","Pima",3,3
"PM0236","Pima",3,4
"PM0237","Pima",2,9
"PM0238","Pima",2,9
"PM0239","Pima",2,9
"PM0240","Pima",2,14
"PM0241","Pima",2,9
"PM0242","Pima",1,11
"PM0243","Pima",2,10
"PM0244","Pima",3,2
"PM0245","Pima",3,3
"PM0246","Pima",3,3
"PM0247","Pima",3,3
"PM0248","Pima",3,3
"PM0249","Pima",2,14
"AP0002","APACHE",1,7
"AP0003","APACHE",1,7
"AP0005","APACHE",1,7
"AP0009","APACHE",1,7
"AP0010","APACHE",1,7
"AP0011","APACHE",1,7
"AP0012","APACHE",1,7
"AP0013","APACHE",1,7
"AP0016","APACHE",1,7
"AP0017","APACHE",1,7
"AP0019","APACHE",1,7
"AP0022","APACHE",1,7
"AP0023","APACHE",1,7
"AP0025","APACHE",1,7
"AP0027","APACHE",1,7
"AP0029","APACHE",1,7
"AP0031","APACHE",1,7
"AP0033","APACHE",1,7
"AP0035","APACHE",1,7
"AP0037","APACHE",1,7
"AP0039","APACHE",1,7
"AP0041","APACHE",1,7
"AP0043","APACHE",1,7
"AP0045","APACHE",1,7
"AP0046","APACHE",1,7
"AP0048","APACHE",1,7
"AP0049","APACHE",1,7
"AP0051","APACHE",1,7
"AP0052","APACHE",1,7
"AP0054","APACHE",1,7
"AP0056","APACHE",1,7
"AP0058","APACHE",1,7
"AP0059","APACHE",1,7
"AP0061","APACHE",1,7
"AP0065","APACHE",1,7
"AP0067","APACHE",1,7
"AP0070","APACHE",1,7
"AP0074","APACHE",1,7
"AP0076","APACHE",1,7
"AP0078","APACHE",1,7
"AP0080","APACHE",1,7
"AP0082","APACHE",1,7
"AP0084","APACHE",1,7
"AP0086","APACHE",1,7
"AP0088","APACHE",1,7
"CH0001","COCHISE",2,14
"CH0002","COCHISE",2,14
"CH0003","COCHISE",2,14
"CH0004","COCHISE",2,14
"CH0005","COCHISE",2,14
"CH0006","COCHISE",2,14
"CH0007","COCHISE",2,14
"CH0008","COCHISE",2,14
"CH0009","COCHISE",2,14
"CH0010","COCHISE",2,14
"CH0011","COCHISE",2,14
"CH0012","COCHISE",2,14
"CH0013","COCHISE",2,14
"CH0014","COCHISE",2,14
"CH0015","COCHISE",2,14
"CH0016","COCHISE",2,14
"CH0017","COCHISE",2,14
"CH0018","COCHISE",2,14
"CH0019","COCHISE",2,14
"CH0020","COCHISE",2,14
"CH0021","COCHISE",2,14
"CH0022","COCHISE",2,14
"CH0023","COCHISE",2,14
"CH0024","COCHISE",2,14
"CH0025","COCHISE",2,14
"CH0026","COCHISE",2,14
"CH0027","COCHISE",2,14
"CH0028","COCHISE",2,14
"CH0029","COCHISE",2,14
"CH0030","COCHISE",2,14
"CH0031","COCHISE",2,14
"CH0032","COCHISE",2,14
"CH0033","COCHISE",2,14
"CH0034","COCHISE",2,14
"CH0035","COCHISE",2,14
"CH0036","COCHISE",2,14
"CH0037","COCHISE",2,14
"CH0038","COCHISE",2,14
"CH0039","COCHISE",2,14
"CH0040","COCHISE",2,14
"CH0041","COCHISE",2,14
"CH0042","COCHISE",2,14
"CH0043","COCHISE",2,14
"CH0044","COCHISE",2,14
"CH0045","COCHISE",2,14
"CH0046","COCHISE",2,14
"CH0047","COCHISE",2,14
"CH0048","COCHISE",2,14
"CH0049","COCHISE",2,14
"CN0001","COCONINO",1,6
"CN0002","COCONINO",1,6
"CN0003","COCONINO",1,6
"CN0004","COCONINO",1,6
"CN0005","COCONINO",1,6
"CN0006","COCONINO",1,6
"CN0007","COCONINO",1,6
"CN0008","COCONINO",1,6
"CN0009","COCONINO",1,6
"CN0010","COCONINO",1,6
"CN0011","COCONINO",1,6
"CN0012","COCONINO",1,6
"CN0013","COCONINO",1,6
"CN0014","COCONINO",1,6
"CN0015","COCONINO",1,6
"CN0016","COCONINO",1,6
"CN0017","COCONINO",1,6
"CN0018","COCONINO",1,6
"CN0019","COCONINO",1,6
"CN0020","COCONINO",1,6
"CN0021","COCONINO",1,6
"CN0022","COCONINO",1,6
"CN0023","COCONINO",1,6
"CN0024","COCONINO",1,6
"CN0025","COCONINO",1,6
"CN0026","COCONINO",1,6
"CN0040","COCONINO",1,6
"CN0041","COCONINO",1,6
"CN0042","COCONINO",1,7
"CN0043","COCONINO",1,7
"CN0047","COCONINO",1,7
"CN0048","COCONINO",1,7
"CN0050","COCONINO",1,6
"CN0051","COCONINO",1,7
"CN0052","COCONINO",1,6
"CN0053","COCONINO",1,6
"CN0055","COCONINO",1,7
"CN0056","COCONINO",1,6
"CN0058","COCONINO",1,7
"CN0059","COCONINO",1,6
"CN0060","COCONINO",1,7
"CN0061","COCONINO",1,7
"CN0062","COCONINO",1,6
"CN0063","COCONINO",1,6
"CN0064","COCONINO",1,7
"CN0065","COCONINO",1,7
"CN0066","COCONINO",1,6
"CN0067","COCONINO",1,7
"CN0069","COCONINO",1,7
"CN0070","COCONINO",1,7
"CN0071","COCONINO",1,7
"CN0072","COCONINO",1,7
"CN0073","COCONINO",1,7
"CN0074","COCONINO",1,7
"CN0075","COCONINO",1,7
"CN0079","COCONINO",1,6
"CN0080","COCONINO",1,6
"CN0082","COCONINO",1,6
"CN0083","COCONINO",1,6
"CN0084","COCONINO",1,6
"CN0085","COCONINO",1,6
"CN0086","COCONINO",1,7
"CN0088","COCONINO",1,7
"CN0090","COCONINO",1,7
"CN0092","COCONINO",1,7
"CN0093","COCONINO",1,7
"CN0094","COCONINO",1,7
"CN0095","COCONINO",1,7
"CN0097","COCONINO",1,6
"CN0098","COCONINO",1,6
"CN0099","COCONINO",1,6
"GI0100","GILA",1,8
"GI0105","GILA",1,8
"GI0110","GILA",1,8
"GI0115","GILA",1,8
"GI0120","GILA",1,8
"GI0125","GILA",1,8
"GI0130","GILA",1,8
"GI0135","GILA",1,8
"GI0140","GILA",1,8
"GI0150","GILA",1,8
"GI0155","GILA",1,8
"GI0160","GILA",1,8
"GI0165","GILA",1,8
"GI0170","GILA",1,8
"GI0175","GILA",1,8
"GI0180","GILA",1,8
"GI0185","GILA",1,8
"GI0300","GILA",1,8
"GI0320","GILA",1,6
"GI0400","GILA",1,7
"GI0405","GILA",1,7
"GI0410","GILA",1,7
"GI0200","GILA",4,6
"GI0205","GILA",4,6
"GI0210","GILA",4,6
"GI0215","GILA",4,6
"GI0220","GILA",4,6
"GI0225","GILA",4,6
"GI0230","GILA",4,6
"GI0235","GILA",4,6
"GI0240","GILA",4,6
"GI0305","GILA",4,6
"GI0310","GILA",4,6
"GI0315","GILA",4,6
"GI0325","GILA",4,6
"GI0330","GILA",4,6
"GI0335","GILA",4,6
"GI0340","GILA",4,6
"GI0345","GILA",4,6
"GM0001","GRAHAM",1,14
"GM0002","GRAHAM",1,14
"GM0003","GRAHAM",1,14
"GM0004","GRAHAM",1,14
"GM0005","GRAHAM",1,14
"GM0006","GRAHAM",1,14
"GM0007","GRAHAM",1,14
"GM0008","GRAHAM",1,14
"GM0009","GRAHAM",1,14
"GM0010","GRAHAM",1,14
"GM0011","GRAHAM",1,7
"GM0012","GRAHAM",1,14
"GM0013","GRAHAM",1,14
"GM0014","GRAHAM",1,14
"GM0015","GRAHAM",1,14
"GM0016","GRAHAM",1,7
"GM0017","GRAHAM",1,14
"GM0018","GRAHAM",1,14
"GM0019","GRAHAM",1,14
"GM0020","GRAHAM",1,14
"GM0021","GRAHAM",1,14
"GM0022","GRAHAM",1,14
"GN0001","GREENLEE",1,14
"GN0002","GREENLEE",1,14
"GN0003","GREENLEE",1,14
"GN0004","GREENLEE",1,14
"GN0005","GREENLEE",1,14
"GN0006","GREENLEE",1,14
"GN0007","GREENLEE",1,14
"GN0008","GREENLEE",1,14
"LP0051","LA_PAZ",4,5
"LP0052","LA_PAZ",4,5
"LP0054","LA_PAZ",4,5
"LP0055","LA_PAZ",4,5
"LP0056","LA_PAZ",4,5
"LP0057","LA_PAZ",4,5
"LP0058","LA_PAZ",4,5
"LP0059","LA_PAZ",4,5
"LP0060","LA_PAZ",4,5
"LP0062","LA_PAZ",4,5
"LP0063","LA_PAZ",4,5
"LP0064","LA_PAZ",4,5
"MO0223","MOHAVE",1,7
"MO0224","MOHAVE",1,7
"MO0201","MOHAVE",4,5
"MO0202","MOHAVE",4,5
"MO0203","MOHAVE",4,5
"MO0204","MOHAVE",4,5
"MO0205","MOHAVE",4,5
"MO0206","MOHAVE",4,5
"MO0207","MOHAVE",4,5
"MO0208","MOHAVE",4,5
"MO0209","MOHAVE",4,5
"MO0210","MOHAVE",4,5
"MO0211","MOHAVE",4,5
"MO0212","MOHAVE",4,5
"MO0213","MOHAVE",4,5
"MO0214","MOHAVE",4,5
"MO0215","MOHAVE",4,5
"MO0216","MOHAVE",4,5
"MO0217","MOHAVE",4,5
"MO0218","MOHAVE",4,5
"MO0219","MOHAVE",4,5
"MO0220","MOHAVE",4,5
"MO0221","MOHAVE",4,5
"MO0222","MOHAVE",4,5
"NA0001","NAVAJO",1,7
"NA0002","NAVAJO",1,7
"NA0003","NAVAJO",1,7
"NA0004","NAVAJO",1,7
"NA0005","NAVAJO",1,7
"NA0006","NAVAJO",1,7
"NA0007","NAVAJO",1,6
"NA0008","NAVAJO",1,6
"NA0009","NAVAJO",1,6
"NA0010","NAVAJO",1,6
"NA0011","NAVAJO",1,6
"NA0012","NAVAJO",1,7
"NA0013","NAVAJO",1,7
"NA0014","NAVAJO",1,7
"PN0001","PINAL",1,8
"PN0004","PINAL",1,8
"PN0005","PINAL",1,8
"PN0006","PINAL",1,8
"PN0007","PINAL",1,8
"PN0008","PINAL",1,11
"PN0009","PINAL",1,11
"PN0010","PINAL",1,11
"PN0011","PINAL",1,8
"PN0012","PINAL",1,8
"PN0013","PINAL",1,8
"PN0014","PINAL",1,8
"PN0015","PINAL",1,11
"PN0016","PINAL",1,11
"PN0017","PINAL",1,8
"PN0018","PINAL",1,8
"PN0019","PINAL",1,8
"PN0020","PINAL",1,8
"PN0021","PINAL",1,8
"PN0022","PINAL",1,8
"PN0025","PINAL",1,8
"PN0029","PINAL",1,8
"PN0030","PINAL",1,11
"PN0031","PINAL",1,11
"PN0032","PINAL",1,8
"PN0033","PINAL",1,8
"PN0034","PINAL",1,8
"PN0035","PINAL",1,8
"PN0036","PINAL",1,8
"PN0037","PINAL",1,11
"PN0038","PINAL",1,11
"PN0039","PINAL",1,11
"PN0041","PINAL",1,8
"PN0050","PINAL",1,8
"PN0054","PINAL",1,11
"PN0055","PINAL",1,11
"PN0060","PINAL",1,8
"PN0061","PINAL",1,8
"PN0062","PINAL",1,8
"PN0067","PINAL",1,11
"PN0073","PINAL",1,11
"PN0074","PINAL",1,11
"PN0077","PINAL",1,11
"PN0078","PINAL",1,11
"PN0079","PINAL",1,11
"PN0080","PINAL",1,11
"PN0081","PINAL",1,8
"PN0082","PINAL",1,8
"PN0083","PINAL",1,8
"PN0090","PINAL",1,11
"PN0091","PINAL",1,11
"PN0092","PINAL",1,11
"PN0093","PINAL",1,8
"PN0099","PINAL",1,8
"PN0100","PINAL",1,11
"PN0101","PINAL",1,11
"PN0102","PINAL",1,11
"PN0103","PINAL",1,7
"PN0104","PINAL",1,11
"PN0105","PINAL",1,11
"PN0053","PINAL",3,4
"PN0023","PINAL",4,8
"PN0024","PINAL",4,8
"PN0026","PINAL",4,8
"PN0027","PINAL",4,8
"PN0028","PINAL",4,16
"PN0040","PINAL",4,16
"PN0042","PINAL",4,16
"PN0043","PINAL",4,16
"PN0044","PINAL",4,16
"PN0045","PINAL",4,16
"PN0046","PINAL",4,16
"PN0047","PINAL",4,16
"PN0048","PINAL",4,16
"PN0049","PINAL",4,8
"PN0051","PINAL",4,8
"PN0052","PINAL",4,8
"PN0056","PINAL",4,16
"PN0057","PINAL",4,16
"PN0058","PINAL",4,16
"PN0059","PINAL",4,16
"PN0063","PINAL",4,16
"PN0064","PINAL",4,16
"PN0066","PINAL",4,16
"PN0068","PINAL",4,8
"PN0069","PINAL",4,8
"PN0070","PINAL",4,8
"PN0071","PINAL",4,16
"PN0072","PINAL",4,8
"PN0075","PINAL",4,8
"PN0076","PINAL",4,16
"PN0084","PINAL",4,16
"PN0085","PINAL",4,8
"PN0086","PINAL",4,8
"PN0087","PINAL",4,8
"PN0088","PINAL",4,16
"PN0089","PINAL",4,8
"PN0094","PINAL",4,8
"PN0095","PINAL",4,8
"PN0096","PINAL",4,12
"PN0097","PINAL",4,8
"PN0098","PINAL",4,16
"SC0001","SANTA_CRUZ",3,2
"SC0002","SANTA_CRUZ",3,2
"SC0003","SANTA_CRUZ",3,2
"SC0004","SANTA_CRUZ",3,2
"SC0005","SANTA_CRUZ",3,2
"SC0006","SANTA_CRUZ",3,2
"SC0007","SANTA_CRUZ",3,2
"SC0008","SANTA_CRUZ",3,2
"SC0009","SANTA_CRUZ",3,2
"SC0010","SANTA_CRUZ",3,2
"SC0011","SANTA_CRUZ",3,2
"SC0012","SANTA_CRUZ",3,2
"SC0013","SANTA_CRUZ",3,2
"SC0014","SANTA_CRUZ",3,2
"SC0015","SANTA_CRUZ",3,2
"SC0016","SANTA_CRUZ",3,2
"SC0017","SANTA_CRUZ",3,2
"SC0018","SANTA_CRUZ",3,2
"SC0019","SANTA_CRUZ",3,2
"SC0020","SANTA_CRUZ",3,2
"SC0021","SANTA_CRUZ",3,2
"SC0022","SANTA_CRUZ",3,2
"SC0023","SANTA_CRUZ",3,2
"SC0024","SANTA_CRUZ",3,2
"YA0217","YAVAPAI",1,6
"YA0218","YAVAPAI",1,6
"YA0219","YAVAPAI",1,6
"YA0220","YAVAPAI",1,1
"YA0227","YAVAPAI",1,6
"YA0228","YAVAPAI",1,6
"YA0233","YAVAPAI",1,6
"YA0201","YAVAPAI",4,1
"YA0202","YAVAPAI",4,1
"YA0203","YAVAPAI",4,1
"YA0204","YAVAPAI",4,1
"YA0205","YAVAPAI",4,1
"YA0206","YAVAPAI",4,1
"YA0207","YAVAPAI",4,1
"YA0208","YAVAPAI",4,1
"YA0209","YAVAPAI",4,1
"YA0210","YAVAPAI",4,1
"YA0211","YAVAPAI",4,1
"YA0212","YAVAPAI",4,1
"YA0213","YAVAPAI",4,1
"YA0214","YAVAPAI",4,1
"YA0215","YAVAPAI",4,1
"YA0216","YAVAPAI",4,6
"YA0221","YAVAPAI",4,1
"YA0222","YAVAPAI",4,1
"YA0223","YAVAPAI",4,1
"YA0224","YAVAPAI",4,1
"YA0225","YAVAPAI",4,1
"YA0226","YAVAPAI",4,1
"YA0229","YAVAPAI",4,6
"YA0230","YAVAPAI",4,6
"YA0231","YAVAPAI",4,1
"YA0232","YAVAPAI",4,6
"YA0234","YAVAPAI",4,1
"YA0235","YAVAPAI",4,1
"YA0236","YAVAPAI",4,1
"YA0237","YAVAPAI",4,1
"YA0238","YAVAPAI",4,1
"YA0239","YAVAPAI",4,1
"YA0240","YAVAPAI",4,1
"YA0241","YAVAPAI",4,1
"YA0242","YAVAPAI",4,1
"YA0243","YAVAPAI",4,1
"YA0244","YAVAPAI",4,1
"YA0245","YAVAPAI",4,1
"YU0001","YUMA",3,4
"YU0002","YUMA",3,4
"YU0003","YUMA",3,4
"YU0004","YUMA",3,4
"YU0005","YUMA",3,13
"YU0006","YUMA",3,4
"YU0007","YUMA",3,4
"YU0013","YUMA",3,4
"YU0014","YUMA",3,13
"YU0016","YUMA",3,13
"YU0021","YUMA",3,4
"YU0026","YUMA",3,4
"YU0027","YUMA",3,4
"YU0028","YUMA",3,4
"YU0029","YUMA",3,4
"YU0030","YUMA",3,4
"YU0031","YUMA",3,4
"YU0032","YUMA",3,4
"YU0033","YUMA",3,13
"YU0035","YUMA",3,4
"YU0036","YUMA",3,4
"YU0037","YUMA",3,4
"YU0038","YUMA",3,4
"YU0039","YUMA",3,4
"YU0040","YUMA",3,4
"YU0041","YUMA",3,4
"YU0042","YUMA",3,13
"YU0043","YUMA",3,13
"YU0044","YUMA",3,4
"YU0008","YUMA",4,13
"YU0009","YUMA",4,13
"YU0010","YUMA",4,13
"YU0011","YUMA",4,13
"YU0012","YUMA",4,13
"YU0015","YUMA",4,13
"YU0017","YUMA",4,13
"YU0018","YUMA",4,13
"YU0019","YUMA",4,13
"YU0020","YUMA",4,13
"YU0022","YUMA",4,13
"YU0023","YUMA",4,13
"YU0024","YUMA",4,13
"YU0025","YUMA",4,13
"YU0034","YUMA",4,13
"MC0468","MARICOPA",5,25
"MC0024","MARICOPA",5,25
"MC0154","MARICOPA",9,18
"MC0743","MARICOPA",9,18
"MC0708","MARICOPA",9,18
"MC0194","MARICOPA",9,18
"MC0239","MARICOPA",6,23
"MC0240","MARICOPA",6,23
"MC0470","MARICOPA",6,23
"MC0416","MARICOPA",5,12
"MC0535","MARICOPA",5,12
"MC0679","MARICOPA",5,12
"MC0172","MARICOPA",9,18
"MC0624","MARICOPA",5,12
"MC0031","MARICOPA",5,12
"MC0011","MARICOPA",9,18
"MC0336","MARICOPA",9,18
"MC0711","MARICOPA",9,18
"MC0236","MARICOPA",9,18
"MC0692","MARICOPA",9,17
"MC0641","MARICOPA",5,17
"MC0380","MARICOPA",5,17
"MC0457","MARICOPA",5,25
"MC0563","MARICOPA",5,12
"MC0565","MARICOPA",9,17
"MC0622","MARICOPA",9,17
"MC0426","MARICOPA",9,17
"MC0126","MARICOPA",9,17
"MC0254","MARICOPA",9,17
"MC0477","MARICOPA",5,12
"MC0419","MARICOPA",5,25
"MC0147","MARICOPA",5,25
"MC0503","MARICOPA",5,25
"MC0324","MARICOPA",9,26
"MC0307","MARICOPA",9,25
"MC0379","MARICOPA",5,25
"MC0227","MARICOPA",9,26
"MC0080","MARICOPA",5,25
"MC0365","MARICOPA",5,25
"MC0287","MARICOPA",5,25
"MC0642","MARICOPA",5,25
"MC0275","MARICOPA",5,25
"MC0246","MARICOPA",9,18
"MC0010","MARICOPA",9,17
"MC0331","MARICOPA",9,17
"MC0165","MARICOPA",9,17
"MC0639","MARICOPA",9,26
"MC0427","MARICOPA",9,26
"MC0332","MARICOPA",9,26
"MC0224","MARICOPA",9,26
"MC0581","MARICOPA",9,18
"MC0461","MARICOPA",9,18
"MC0686","MARICOPA",9,26
"MC0310","MARICOPA",9,26
"MC0553","MARICOPA",9,18
"MC0071","MARICOPA",9,26
"MC0039","MARICOPA",9,26
"MC0166","MARICOPA",9,26
"MC0705","MARICOPA",9,18
"MC0681","MARICOPA",9,18
"MC0232","MARICOPA",5,16
"MC0546","MARICOPA",9,18
"MC0085","MARICOPA",9,18
"MC0008","MARICOPA",9,18
"MC0453","MARICOPA",9,28
"MC0399","MARICOPA",6,23
"MC0531","MARICOPA",6,23
"MC0482","MARICOPA",7,24
"MC0684","MARICOPA",7,24
"MC0099","MARICOPA",9,24
"MC0283","MARICOPA",9,28
"MC0391","MARICOPA",9,24
"MC0052","MARICOPA",6,15
"MC0328","MARICOPA",6,15
"MC0655","MARICOPA",6,20
"MC0343","MARICOPA",6,15
"MC0588","MARICOPA",6,20
"MC0293","MARICOPA",9,28
"MC0436","MARICOPA",6,20
"MC0056","MARICOPA",6,15
"MC0173","MARICOPA",6,20
"MC0373","MARICOPA",6,20
"MC0522","MARICOPA",6,15
"MC0484","MARICOPA",6,28
"MC0021","MARICOPA",6,15
"MC0242","MARICOPA",6,28
"MC0070","MARICOPA",6,23
"MC0600","MARICOPA",6,23
"MC0452","MARICOPA",6,15
"MC0017","MARICOPA",6,28
"MC0460","MARICOPA",6,28
"MC0573","MARICOPA",6,15
"MC0359","MARICOPA",5,25
"MC0298","MARICOPA",5,25
"MC0559","MARICOPA",6,23
"MC0317","MARICOPA",9,28
"MC0382","MARICOPA",9,28
"MC0747","MARICOPA",9,23
"MC0396","MARICOPA",6,20
"MC0344","MARICOPA",6,20
"MC0368","MARICOPA",6,15
"MC0515","MARICOPA",6,20
"MC0048","MARICOPA",9,28
"MC0653","MARICOPA",9,28
"MC0736","MARICOPA",6,28
"MC0400","MARICOPA",6,20
"MC0142","MARICOPA",6,30
"MC0551","MARICOPA",6,20
"MC0742","MARICOPA",6,20
"MC0106","MARICOPA",6,20
"MC0001","MARICOPA",6,20
"MC0119","MARICOPA",9,18
"MC0509","MARICOPA",9,18
"MC0027","MARICOPA",9,28
"MC0425","MARICOPA",6,23
"MC0584","MARICOPA",6,23
"MC0171","MARICOPA",6,23
"MC0562","MARICOPA",9,24
"MC0593","MARICOPA",6,28
"MC0501","MARICOPA",9,28
"MC0338","MARICOPA",9,28
"MC0421","MARICOPA",6,20
"MC0596","MARICOPA",6,15
"MC0337","MARICOPA",6,15
"MC0432","MARICOPA",6,20
"MC0633","MARICOPA",6,23
"MC0489","MARICOPA",6,23
"MC0060","MARICOPA",6,23
"MC0507","MARICOPA",6,23
"MC0319","MARICOPA",6,23
"MC0599","MARICOPA",6,15
"MC0699","MARICOPA",6,28
"MC0225","MARICOPA",6,28
"MC0323","MARICOPA",6,28
"MC0175","MARICOPA",6,28
"MC0199","MARICOPA",9,28
"MC0318","MARICOPA",6,15
"MC0442","MARICOPA",6,23
"MC0395","MARICOPA",8,1
"MC0250","MARICOPA",8,1
"MC0741","MARICOPA",8,1
"MC0292","MARICOPA",8,1
"MC0151","MARICOPA",8,15
"MC0004","MARICOPA",6,15
"MC0462","MARICOPA",6,28
"MC0073","MARICOPA",6,28
"MC0075","MARICOPA",7,24
"MC0082","MARICOPA",4,23
"MC0203","MARICOPA",9,25
"MC0098","MARICOPA",9,26
"MC0063","MARICOPA",9,26
"MC0026","MARICOPA",5,25
"MC0383","MARICOPA",5,25
"MC0243","MARICOPA",5,16
"MC0074","MARICOPA",5,16
"MC0529","MARICOPA",5,25
"MC0091","MARICOPA",9,18
"MC0532","MARICOPA",5,26
"MC0264","MARICOPA",6,23
"MC0245","MARICOPA",5,17
"MC0241","MARICOPA",5,17
"MC0446","MARICOPA",5,17
"MC0101","MARICOPA",5,17
"MC0640","MARICOPA",5,17
"MC0117","MARICOPA",5,17
"MC0127","MARICOPA",5,17
"MC0144","MARICOPA",5,17
"MC0356","MARICOPA",5,17
"MC0541","MARICOPA",5,12
"MC0612","MARICOPA",5,12
"MC0523","MARICOPA",5,12
"MC0611","MARICOPA",5,12
"MC0327","MARICOPA",5,12
"MC0163","MARICOPA",5,16
"MC0226","MARICOPA",5,16
"MC0414","MARICOPA",9,18
"MC0301","MARICOPA",5,12
"MC0674","MARICOPA",5,12
"MC0443","MARICOPA",5,17
"MC0122","MARICOPA",5,17
"MC0517","MARICOPA",5,16
"MC0669","MARICOPA",5,12
"MC0516","MARICOPA",9,25
"MC0111","MARICOPA",5,25
"MC0265","MARICOPA",5,16
"MC0455","MARICOPA",5,16
"MC0066","MARICOPA",9,18
"MC0128","MARICOPA",9,17
"MC0255","MARICOPA",9,17
"MC0357","MARICOPA",5,17
"MC0721","MARICOPA",9,25
"MC0657","MARICOPA",9,24
"MC0549","MARICOPA",9,26
"MC0539","MARICOPA",9,26
"MC0694","MARICOPA",9,26
"MC0097","MARICOPA",9,18
"MC0190","MARICOPA",9,26
"MC0348","MARICOPA",9,18
"MC0739","MARICOPA",9,18
"MC0673","MARICOPA",4,23
"MC0041","MARICOPA",9,24
"MC0647","MARICOPA",6,23
"MC0429","MARICOPA",6,23
"MC0410","MARICOPA",6,23
"MC0663","MARICOPA",6,15
"MC0514","MARICOPA",6,20
"MC0050","MARICOPA",6,28
"MC0215","MARICOPA",9,28
"MC0438","MARICOPA",6,20
"MC0732","MARICOPA",6,15
"MC0547","MARICOPA",6,20
"MC0018","MARICOPA",6,20
"MC0123","MARICOPA",9,24
"MC0627","MARICOPA",9,24
"MC0608","MARICOPA",7,24
"MC0260","MARICOPA",9,28
"MC0034","MARICOPA",6,30
"MC0286","MARICOPA",6,30
"MC0403","MARICOPA",7,24
"MC0398","MARICOPA",6,30
"MC0049","MARICOPA",8,1
"MC0183","MARICOPA",8,15
"MC0055","MARICOPA",6,20
"MC0594","MARICOPA",6,23
"MC0537","MARICOPA",6,23
"MC0314","MARICOPA",6,26
"MC0238","MARICOPA",6,23
"MC0086","MARICOPA",6,1
"MC0480","MARICOPA",6,28
"MC0329","MARICOPA",6,28
"MC0114","MARICOPA",6,15
"MC0276","MARICOPA",6,28
"MC0305","MARICOPA",6,15
"MC0230","MARICOPA",6,15
"MC0587","MARICOPA",6,28
"MC0032","MARICOPA",6,15
"MC0208","MARICOPA",6,15
"MC0191","MARICOPA",6,15
"MC0120","MARICOPA",6,23
"MC0571","MARICOPA",6,23
"MC0108","MARICOPA",6,23
"MC0390","MARICOPA",9,28
"MC0195","MARICOPA",6,28
"MC0345","MARICOPA",6,28
"MC0104","MARICOPA",6,28
"MC0666","MARICOPA",6,23
"MC0418","MARICOPA",5,26
"MC0222","MARICOPA",5,25
"MC0112","MARICOPA",5,25
"MC0566","MARICOPA",5,25
"MC0527","MARICOPA",6,1
"MC0688","MARICOPA",5,25
"MC0198","MARICOPA",5,25
"MC0668","MARICOPA",5,25
"MC0252","MARICOPA",5,25
"MC0662","MARICOPA",4,1
"MC0508","MARICOPA",5,12
"MC0569","MARICOPA",5,17
"MC0196","MARICOPA",6,1
"MC0235","MARICOPA",5,17
"MC0159","MARICOPA",5,12
"MC0076","MARICOPA",9,18
"MC0061","MARICOPA",5,12
"MC0586","MARICOPA",5,12
"MC0735","MARICOPA",5,16
"MC0700","MARICOPA",4,23
"MC0375","MARICOPA",6,23
"MC0179","MARICOPA",6,23
"MC0492","MARICOPA",6,23
"MC0485","MARICOPA",7,24
"MC0519","MARICOPA",6,23
"MC0214","MARICOPA",9,30
"MC0744","MARICOPA",9,24
"MC0498","MARICOPA",9,27
"MC0469","MARICOPA",6,24
"MC0406","MARICOPA",7,30
"MC0580","MARICOPA",6,23
"MC0576","MARICOPA",5,12
"MC0374","MARICOPA",9,24
"MC0454","MARICOPA",5,17
"MC0625","MARICOPA",4,1
"MC0180","MARICOPA",8,1
"MC0366","MARICOPA",5,25
"MC0689","MARICOPA",9,26
"MC0320","MARICOPA",9,24
"MC0481","MARICOPA",9,24
"MC0132","MARICOPA",6,28
"MC0440","MARICOPA",6,28
"MC0722","MARICOPA",6,23
"MC0168","MARICOPA",8,1
"MC0095","MARICOPA",6,15
"MC0169","MARICOPA",6,15
"MC0478","MARICOPA",6,28
"MC0441","MARICOPA",5,17
"MC0064","MARICOPA",6,20
"MC0393","MARICOPA",6,20
"MC0651","MARICOPA",9,28
"MC0572","MARICOPA",9,18
"MC0502","MARICOPA",7,24
"MC0667","MARICOPA",9,24
"MC0079","MARICOPA",9,18
"MC0729","MARICOPA",5,16
"MC0038","MARICOPA",5,16
"MC0135","MARICOPA",9,18
"MC0294","MARICOPA",5,16
"MC0115","MARICOPA",6,28
"MC0525","MARICOPA",9,24
"MC0248","MARICOPA",7,24
"MC0261","MARICOPA",9,24
"MC0381","MARICOPA",9,26
"MC0118","MARICOPA",9,25
"MC0233","MARICOPA",5,16
"MC0257","MARICOPA",5,12
"MC0129","MARICOPA",5,17
"MC0691","MARICOPA",5,17
"MC0430","MARICOPA",6,15
"MC0096","MARICOPA",6,1
"MC0271","MARICOPA",6,23
"MC0444","MARICOPA",8,1
"MC0463","MARICOPA",9,24
"MC0278","MARICOPA",6,20
"MC0231","MARICOPA",9,25
"MC0726","MARICOPA",9,23
"MC0540","MARICOPA",6,23
"MC0543","MARICOPA",9,26
"MC0285","MARICOPA",8,15
"MC0607","MARICOPA",7,27
"MC0606","MARICOPA",7,27
"MC0605","MARICOPA",7,27
"MC0717","MARICOPA",9,18
"MC0595","MARICOPA",5,12
"MC0088","MARICOPA",9,17
"MC0022","MARICOPA",5,16
"MC0042","MARICOPA",5,17
"MC0035","MARICOPA",5,16
"MC0488","MARICOPA",5,16
"MC0210","MARICOPA",5,16
"MC0511","MARICOPA",5,12
"MC0518","MARICOPA",5,12
"MC0358","MARICOPA",5,12
"MC0197","MARICOPA",9,18
"MC0417","MARICOPA",5,25
"MC0289","MARICOPA",5,25
"MC0450","MARICOPA",5,25
"MC0258","MARICOPA",5,12
"MC0677","MARICOPA",8,1
"MC0167","MARICOPA",6,23
"MC0377","MARICOPA",6,15
"MC0266","MARICOPA",4,23
"MC0302","MARICOPA",5,12
"MC0654","MARICOPA",5,12
"MC0005","MARICOPA",5,12
"MC0281","MARICOPA",9,26
"MC0178","MARICOPA",5,16
"MC0665","MARICOPA",6,15
"MC0223","MARICOPA",5,25
"MC0346","MARICOPA",9,26
"MC0447","MARICOPA",6,15
"MC0413","MARICOPA",9,24
"MC0506","MARICOPA",6,23
"MC0650","MARICOPA",5,16
"MC0415","MARICOPA",5,17
"MC0558","MARICOPA",5,12
"MC0394","MARICOPA",9,18
"MC0083","MARICOPA",5,16
"MC0372","MARICOPA",5,16
"MC0025","MARICOPA",5,17
"MC0364","MARICOPA",5,17
"MC0504","MARICOPA",6,23
"MC0109","MARICOPA",6,15
"MC0471","MARICOPA",5,25
"MC0200","MARICOPA",6,23
"MC0207","MARICOPA",9,26
"MC0279","MARICOPA",5,25
"MC0094","MARICOPA",5,12
"MC0078","MARICOPA",5,12
"MC0724","MARICOPA",5,12
"MC0634","MARICOPA",5,16
"MC0556","MARICOPA",9,24
"MC0473","MARICOPA",9,28
"MC0672","MARICOPA",5,25
"MC0113","MARICOPA",6,1
"MC0554","MARICOPA",9,28
"MC0355","MARICOPA",9,28
"MC0253","MARICOPA",5,17
"MC0157","MARICOPA",5,12
"MC0187","MARICOPA",9,18
"MC0512","MARICOPA",5,12
"MC0494","MARICOPA",5,12
"MC0361","MARICOPA",6,23
"MC0534","MARICOPA",6,23
"MC0296","MARICOPA",9,26
"MC0217","MARICOPA",9,26
"MC0496","MARICOPA",9,26
"MC0155","MARICOPA",5,25
"MC0698","MARICOPA",9,24
"MC0140","MARICOPA",9,24
"MC0505","MARICOPA",6,23
"MC0570","MARICOPA",6,23
"MC0486","MARICOPA",6,23
"MC0220","MARICOPA",5,17
"MC0335","MARICOPA",6,20
"MC0045","MARICOPA",9,28
"MC0081","MARICOPA",6,20
"MC0110","MARICOPA",9,28
"MC0609","MARICOPA",9,28
"MC0449","MARICOPA",6,28
"MC0675","MARICOPA",9,30
"MC0577","MARICOPA",6,23
"MC0211","MARICOPA",5,16
"MC0568","MARICOPA",5,25
"MC0262","MARICOPA",5,25
"MC0648","MARICOPA",4,23
"MC0272","MARICOPA",6,23
"MC0339","MARICOPA",9,28
"MC0409","MARICOPA",5,26
"MC0411","MARICOPA",6,23
"MC0660","MARICOPA",6,23
"MC0053","MARICOPA",5,16
"MC0467","MARICOPA",5,16
"MC0201","MARICOPA",5,12
"MC0057","MARICOPA",8,22
"MC0656","MARICOPA",8,20
"MC0628","MARICOPA",8,20
"MC0695","MARICOPA",3,29
"MC0734","MARICOPA",8,4
"MC0671","MARICOPA",3,13
"MC0636","MARICOPA",8,22
"MC0659","MARICOPA",8,22
"MC0219","MARICOPA",8,21
"MC0370","MARICOPA",8,15
"MC0334","MARICOPA",8,15
"MC0714","MARICOPA",8,22
"MC0435","MARICOPA",8,22
"MC0604","MARICOPA",8,21
"MC0090","MARICOPA",8,20
"MC0133","MARICOPA",8,20
"MC0259","MARICOPA",8,30
"MC0161","MARICOPA",8,20
"MC0072","MARICOPA",8,20
"MC0089","MARICOPA",8,20
"MC0303","MARICOPA",8,22
"MC0145","MARICOPA",8,20
"MC0153","MARICOPA",8,22
"MC0013","MARICOPA",8,22
"MC0423","MARICOPA",8,21
"MC0030","MARICOPA",8,22
"MC0590","MARICOPA",8,21
"MC0638","MARICOPA",8,21
"MC0353","MARICOPA",8,21
"MC0555","MARICOPA",8,21
"MC0251","MARICOPA",8,20
"MC0713","MARICOPA",8,21
"MC0277","MARICOPA",8,22
"MC0130","MARICOPA",8,22
"MC0150","MARICOPA",8,21
"MC0644","MARICOPA",8,21
"MC0458","MARICOPA",8,21
"MC0156","MARICOPA",8,21
"MC0578","MARICOPA",8,21
"MC0536","MARICOPA",8,22
"MC0690","MARICOPA",8,21
"MC0006","MARICOPA",8,21
"MC0077","MARICOPA",8,21
"MC0703","MARICOPA",8,21
"MC0141","MARICOPA",8,21
"MC0621","MARICOPA",8,22
"MC0347","MARICOPA",8,22
"MC0645","MARICOPA",8,21
"MC0497","MARICOPA",8,21
"MC0626","MARICOPA",8,21
"MC0533","MARICOPA",8,22
"MC0330","MARICOPA",8,21
"MC0716","MARICOPA",8,22
"MC0244","MARICOPA",8,22
"MC0269","MARICOPA",8,22
"MC0284","MARICOPA",8,22
"MC0676","MARICOPA",8,22
"MC0737","MARICOPA",8,22
"MC0521","MARICOPA",8,15
"MC0384","MARICOPA",8,22
"MC0043","MARICOPA",8,22
"MC0597","MARICOPA",8,22
"MC0059","MARICOPA",8,22
"MC0149","MARICOPA",8,22
"MC0706","MARICOPA",8,22
"MC0020","MARICOPA",8,22
"MC0333","MARICOPA",8,22
"MC0273","MARICOPA",8,22
"MC0397","MARICOPA",7,30
"MC0340","MARICOPA",7,30
"MC0479","MARICOPA",8,20
"MC0069","MARICOPA",8,30
"MC0510","MARICOPA",8,20
"MC0544","MARICOPA",8,20
"MC0560","MARICOPA",8,20
"MC0401","MARICOPA",3,29
"MC0567","MARICOPA",8,29
"MC0185","MARICOPA",8,4
"MC0490","MARICOPA",8,13
"MC0186","MARICOPA",8,13
"MC0350","MARICOPA",3,19
"MC0143","MARICOPA",8,13
"MC0189","MARICOPA",3,19
"MC0033","MARICOPA",8,21
"MC0718","MARICOPA",8,21
"MC0007","MARICOPA",4,13
"MC0405","MARICOPA",3,13
"MC0291","MARICOPA",3,13
"MC0464","MARICOPA",3,13
"MC0664","MARICOPA",4,13
"MC0685","MARICOPA",4,13
"MC0044","MARICOPA",8,20
"MC0162","MARICOPA",8,20
"MC0728","MARICOPA",4,13
"MC0487","MARICOPA",8,22
"MC0658","MARICOPA",8,21
"MC0748","MARICOPA",8,22
"MC0137","MARICOPA",3,29
"MC0439","MARICOPA",4,22
"MC0014","MARICOPA",8,13
"MC0146","MARICOPA",8,29
"MC0730","MARICOPA",8,13
"MC0610","MARICOPA",8,21
"MC0216","MARICOPA",8,21
"MC0745","MARICOPA",8,21
"MC0557","MARICOPA",8,21
"MC0325","MARICOPA",8,22
"MC0015","MARICOPA",8,20
"MC0500","MARICOPA",8,20
"MC0643","MARICOPA",8,20
"MC0388","MARICOPA",8,13
"MC0727","MARICOPA",3,13
"MC0371","MARICOPA",8,13
"MC0369","MARICOPA",3,13
"MC0472","MARICOPA",8,13
"MC0538","MARICOPA",8,13
"MC0437","MARICOPA",4,13
"MC0704","MARICOPA",8,13
"MC0420","MARICOPA",8,22
"MC0182","MARICOPA",8,22
"MC0740","MARICOPA",4,13
"MC0526","MARICOPA",8,21
"MC0234","MARICOPA",4,13
"MC0351","MARICOPA",8,22
"MC0723","MARICOPA",4,13
"MC0270","MARICOPA",8,22
"MC0209","MARICOPA",8,21
"MC0466","MARICOPA",8,21
"MC0637","MARICOPA",8,21
"MC0474","MARICOPA",3,19
"MC0731","MARICOPA",8,29
"MC0009","MARICOPA",8,29
"MC0574","MARICOPA",3,19
"MC0002","MARICOPA",8,21
"MC0177","MARICOPA",8,21
"MC0579","MARICOPA",8,22
"MC0483","MARICOPA",8,22
"MC0404","MARICOPA",8,21
"MC0386","MARICOPA",8,21
"MC0702","MARICOPA",8,21
"MC0125","MARICOPA",8,21
"MC0629","MARICOPA",8,22
"MC0054","MARICOPA",8,22
"MC0051","MARICOPA",8,22
"MC0206","MARICOPA",8,22
"MC0603","MARICOPA",8,22
"MC0661","MARICOPA",8,21
"MC0316","MARICOPA",3,4
"MC0062","MARICOPA",3,4
"MC0687","MARICOPA",3,4
"MC0205","MARICOPA",3,13
"MC0646","MARICOPA",3,13
"MC0709","MARICOPA",3,13
"MC0023","MARICOPA",8,21
"MC0520","MARICOPA",7,29
"MC0513","MARICOPA",8,20
"MC0107","MARICOPA",8,20
"MC0176","MARICOPA",8,4
"MC0067","MARICOPA",4,22
"MC0342","MARICOPA",8,21
"MC0352","MARICOPA",8,22
"MC0701","MARICOPA",8,22
"MC0105","MARICOPA",9,18
"MC0237","MARICOPA",9,18
"MC0354","MARICOPA",9,18
"MC0321","MARICOPA",9,26
"MC0592","MARICOPA",6,28
"MC0263","MARICOPA",6,28
"MC0746","MARICOPA",6,28
"MC0019","MARICOPA",6,28
"MC0304","MARICOPA",6,15
"MC0696","MARICOPA",6,15
"MC0652","MARICOPA",6,15
"MC0733","MARICOPA",9,28
"MC0116","MARICOPA",9,28
"MC0602","MARICOPA",9,28
"MC0623","MARICOPA",9,28
"MC0408","MARICOPA",9,24
"MC0036","MARICOPA",6,15
"MC0148","MARICOPA",6,15
"MC0552","MARICOPA",6,15
"MC0591","MARICOPA",6,28
"MC0170","MARICOPA",6,23
"MC0131","MARICOPA",6,28
"MC0164","MARICOPA",6,15
"MC0212","MARICOPA",6,30
"MC0683","MARICOPA",6,20
"MC0422","MARICOPA",6,20
"MC0280","MARICOPA",7,27
"MC0367","MARICOPA",7,30
"MC0649","MARICOPA",7,27
"MC0697","MARICOPA",7,27
"MC0313","MARICOPA",7,29
"MC0392","MARICOPA",7,30
"MC0012","MARICOPA",7,30
"MC0268","MARICOPA",7,30
"MC0601","MARICOPA",7,30
"MC0585","MARICOPA",7,30
"MC0341","MARICOPA",7,30
"MC0433","MARICOPA",7,19
"MC0448","MARICOPA",7,24
"MC0274","MARICOPA",7,27
"MC0315","MARICOPA",7,27
"MC0288","MARICOPA",3,13
"MC0564","MARICOPA",3,4
"MC0311","MARICOPA",7,24
"MC0100","MARICOPA",7,29
"MC0680","MARICOPA",7,29
"MC0445","MARICOPA",6,30
"MC0087","MARICOPA",7,29
"MC0309","MARICOPA",7,29
"MC0693","MARICOPA",7,29
"MC0124","MARICOPA",7,29
"MC0528","MARICOPA",7,29
"MC0046","MARICOPA",7,29
"MC0058","MARICOPA",7,29
"MC0475","MARICOPA",7,27
"MC0613","MARICOPA",7,27
"MC0297","MARICOPA",7,27
"MC0092","MARICOPA",7,27
"MC0614","MARICOPA",7,27
"MC0598","MARICOPA",7,27
"MC0247","MARICOPA",7,27
"MC0221","MARICOPA",7,24
"MC0738","MARICOPA",7,24
"MC0385","MARICOPA",7,27
"MC0003","MARICOPA",7,29
"MC0431","MARICOPA",7,27
"MC0249","MARICOPA",7,27
"MC0047","MARICOPA",7,27
"MC0138","MARICOPA",7,30
"MC0456","MARICOPA",7,30
"MC0428","MARICOPA",3,4
"MC0299","MARICOPA",3,4
"MC0389","MARICOPA",7,30
"MC0630","MARICOPA",7,29
"MC0725","MARICOPA",7,24
"MC0160","MARICOPA",7,29
"MC0102","MARICOPA",7,27
"MC0548","MARICOPA",7,27
"MC0620","MARICOPA",7,27
"MC0068","MARICOPA",7,19
"MC0635","MARICOPA",3,19
"MC0192","MARICOPA",7,27
"MC0326","MARICOPA",7,30
"MC0295","MARICOPA",7,30
"MC0084","MARICOPA",7,30
"MC0720","MARICOPA",7,24
"MC0545","MARICOPA",7,29
"MC0493","MARICOPA",1,27
"MC0188","MARICOPA",3,19
"MC0267","MARICOPA",8,4
"MC0121","MARICOPA",3,19
"MC0412","MARICOPA",7,24
"MC0213","MARICOPA",7,24
"MC0306","MARICOPA",7,27
"MC0152","MARICOPA",7,24
"MC0040","MARICOPA",7,24
"MC0387","MARICOPA",7,30
"MC0134","MARICOPA",3,19
"MC0495","MARICOPA",3,19
"MC0550","MARICOPA",3,29
"MC0424","MARICOPA",7,29
"MC0308","MARICOPA",7,29
"MC0719","MARICOPA",7,19
"MC0184","MARICOPA",7,19
"MC0682","MARICOPA",7,19
"MC0678","MARICOPA",7,29
"MC0312","MARICOPA",7,29
"MC0402","MARICOPA",7,29
"MC0407","MARICOPA",7,29
"MC0229","MARICOPA",7,27
"MC0360","MARICOPA",7,27
"MC0362","MARICOPA",7,27
"MC0300","MARICOPA",7,27
"MC0459","MARICOPA",7,27
"MC0631","MARICOPA",7,30
"MC0136","MARICOPA",3,19
"MC0582","MARICOPA",7,19
"MC0542","MARICOPA",7,19
"MC0434","MARICOPA",7,29
"MC0016","MARICOPA",3,19
"MC0561","MARICOPA",4,13
"MC0029","MARICOPA",3,4
"MC0093","MARICOPA",3,19
"MC0670","MARICOPA",7,19
"MC0256","MARICOPA",3,4
"MC0376","MARICOPA",1,27
"MC0349","MARICOPA",1,27
"MC0583","MARICOPA",3,4
"MC0707","MARICOPA",3,19
"MC0065","MARICOPA",3,4
"MC0491","MARICOPA",7,29
"MC0282","MARICOPA",3,19
"MC0204","MARICOPA",7,27
"MC0174","MARICOPA",3,4
"MC0499","MARICOPA",7,24
"MC0228","MARICOPA",3,4
"MC0524","MARICOPA",3,4
"MC0715","MARICOPA",3,4
"MC0378","MARICOPA",3,19
"MC0710","MARICOPA",3,19
"MC0158","MARICOPA",3,19
"MC0037","MARICOPA",3,19
"MC0712","MARICOPA",7,30
"MC0363","MARICOPA",7,27
"MC0322","MARICOPA",7,29
"MC0290","MARICOPA",7,19
"MC0218","MARICOPA",7,26
"MC0575","MARICOPA",7,19
"MC0181","MARICOPA",7,29
"MC0103","MARICOPA",7,27
"MC0465","MARICOPA",3,19
"MC0028","MARICOPA",7,27
"MC0589","MARICOPA",9,26
"MC0619","MARICOPA",7,27
"MC0618","MARICOPA",7,27
"MC0617","MARICOPA",7,27
"MC0616","MARICOPA",7,27
"MC0615","MARICOPA",7,27
"MC0193","MARICOPA",5,17
"MC0202","MARICOPA",9,17
"MC0476","MARICOPA",9,26
"MC0632","MARICOPA",9,18
"MC0139","MARICOPA",9,18
"MC0530","MARICOPA",9,18
"MC0451","MARICOPA",9,18
